Site ID,Name
10.231.35.60,CENU_HCE_RT02
10.237.1.244,NS0024-ATN910C-ASG
10.237.1.143,AB0071-ATN-910C-ASG
10.237.1.190,HAB0492-ATN950C-ASG
10.228.36.60,CBAU_HCE_RT02
10.228.36.59,CBAU_HCE_RT01
10.237.1.243,NS0010-ATN-910C-ASG
10.237.1.241,NS0002-ATN-910C-ASG
10.237.1.197,AB0132-ATN950C-ASG
10.237.1.196,AB0793-ATN910C-CSG
10.231.35.59,CENU_HCE_RT01
10.206.33.59,CPHC_HCE_RT01
10.202.33.60,CASA_HCE_RT02
10.202.33.59,CASA_HCE_RT01
10.238.129.152,HDL0087-ATN-910C-CSG
10.206.33.60,CPHC_HCE_RT_02
10.205.37.60,CKAD_HCE_RT02
10.205.37.59,CKAD_HCE_RT01
10.238.129.151,HDL0078-ATN-910C-CSG
10.238.129.150,CDL0102-ATN-910C-ASG-1
10.237.1.198,HAB0082-ATN910C-CSG
10.238.1.133,KT0024-ATN910C-ASG
10.238.129.226,HDL0231-CX600-X2-M8-RSG-2
10.238.129.227,DL0059-ATN-910C-CSG
10.238.129.225,HDL0231-CX600-X2-M8-RSG-1
10.237.1.177,AB1016-ATN-910C-CSG
10.237.1.180,AB0049-CX600-X2-M8A-ASG
10.237.1.185,AB0099-ATN-910C-CSG
10.237.1.179,AB0308-ATN950C-ASG
10.237.1.178,AB0933-ATN-910C-CSG
10.237.1.186,AB0351-ATN950C-CSG
10.237.1.183,AB0019-ATN950-CSG
10.237.1.182,HAB0485-ATN950C-CSG
10.237.1.184,HAB0376-ATN910C-CSG
10.237.1.174,AB1014-ATN-910C-CSG
10.237.1.181,AB0406-ATN950C-ASG
10.238.1.132,CSK0004-CX600_X2_M8-RSG-2
10.237.1.176,HAB0091-ATN-910C-CSG
10.237.1.175,AB0397-ATN950C-ASG
10.238.65.138,HAI0009-ATN-950C-ASG-1
10.238.65.142,AI0011-ATN-950C-ASG-1
10.238.65.141,HAI0001-ATN-950C-ASG-1
10.238.65.140,AI0548-ATN-910C-ASG-1
10.238.65.139,AI0374-ATN-910C-ASG-1
10.238.65.144,HENB02-ATN-910C-CSG
10.238.97.164,AD0042-ATN-910C-ASG-1
10.238.97.1,CBAU-CX600_X8-RSG-1
10.238.97.128,BR0001_ATN950C
10.238.97.2,CBAU-CX600_X8-RSG-2
10.238.129.208,HAN0051-ATN950C-ASG-1
10.238.129.210,HAN0058-ATN950C-ASG-1
10.238.129.200,HAN0061-ATN950C-ASG-1
10.238.129.199,HAN0056-ATN950C-ASG-1
10.238.129.209,HAN0052-ATN950C-ASG-1
10.238.129.206,HAN0046-ATN950C-ASG-1
10.238.129.207,HAN0047-ATN950C-ASG-1
10.238.129.140,CDL0095-ATN-950C-ASG-1
10.238.129.139,CDL0133-ATN-950C-ASG-1
10.238.129.198,HAN0049-ATN950C-ASG-1
10.238.129.145,CDL0397-ATN-950C-ASG-1
10.238.129.142,CDL0088-ATN-950C-ASG-1
10.238.129.141,CDL0082-ATN-950C-ASG-1
10.238.129.201,HAN0063-ATN950C-ASG-1
10.238.129.197,HAN0048-ATN950C-ASG-1
10.238.129.135,CDL0400-ATN-950C-ASG-1
10.238.129.133,CDL0004-ATN-950C-ASG-1
10.238.129.136,CDL0052-ATN-950C-ASG-1
10.238.129.131,CDL0099-ATN-950C-ASG-1
10.238.129.130,CDL0084-ATN-950C-ASG-1
10.238.129.138,CDL0100-ATN-950C-ASG-1
10.238.129.137,CDL0086-ATN-950C-ASG-1
10.238.129.132,CDL0097-ATN-950C-ASG-1
10.238.129.144,CDL0101-ATN-950C-ASG-1
10.238.129.134,CDL0096-ATN-950C-ASG-1
10.238.129.143,CDL0098-ATN-950C-ASG-1
10.238.129.128,DL0085-CX600-X2-M8-ASG1
10.238.129.129,DL0085-cx600-x2-M8-ASG-2
10.238.129.194,CAN0059-CX600-X2-M8-ASG-1
10.238.129.193,CAN0072-CX600-X2-M8-RSG-2
10.238.129.1,CDL0118-CX600X8-RSG-1
10.238.129.192,CAN0072-CX600-X2-M8-RSG-1
10.238.129.2,CDL0118-CX600X8-RSG-2
10.238.33.3,HKN0019-ATN-950C-ASG-1
10.238.33.8,HKN0048-ATN-950C-ASG-1
10.238.33.11,HKN0076-ATN-950C-ASG-1
10.238.33.10,HKN0053-ATN-950C-ASG-1
10.238.33.6,HKN0043-ATN-950C-ASG-1
10.238.33.9,HKN0050-ATN-950C-ASG-1
10.238.33.5,HKN0039-ATN-950C-ASG-1
10.238.33.7,HKN0045-ATN-950C-ASG-1
10.237.1.137,HNI0030-ATN-950C-BIDA-ASG
10.237.33.132,IM0054-RNC-CX600-X2M8-2
10.238.33.2,KN0052-CX-Router-2
10.238.33.1,KN0052-CX-RSG-01
10.237.1.135,HNI0124-MWA-CX600-X2-M8-ASG
10.237.1.136,HNI0134-ATN-950C-PATTI-ASG
10.238.33.4,HKN0029-ATN-950C-ASG-1
10.238.65.131,CAI0004-CX600-X2-M8-RSG-2
10.238.65.5,HEN0014-ATN950C-ASG-1
10.237.1.128,HNI0338-CX600-X2-M8-RSG-1
10.238.65.129,CAI0043-CX600-X2-M8-RSG-2
10.238.65.128,CAI0043-CX600-X2-M8-RSG-1
10.238.65.3,HEN0007-ATN950C-ASG-1
10.237.1.129,CNI0338-CX600-X2-M8-RSG-2
10.238.65.4,HEN0013-ATN950C-ASG-1
10.237.33.196,HCR0030-ATN950C-ASG-1
10.238.65.130,AI0004-CX600-X2M-ASG-1
10.237.33.201,HCR0032-ATN950C-ASG-1
10.237.33.197,HCR0001-ATN950C-ASG-1
10.237.33.195,HCR0026-ATN950C-ASG-1
10.237.33.194,HCRB01-ATN950C-ASG-1
10.205.37.11,KAD0011-CX600-X8-RSG-2
10.238.1.1,KAD0011-CX600-X8-RSG-1
10.238.65.1,CEN0099-CX600-X8-RSG-1
10.237.33.193,CR0027-CX600-X2-M8-2
10.237.33.192,CR0027-CX600-X2-M8-1
10.237.1.39,LAB0444-ATN950B-CSG-1
10.237.33.65,HRV0077-ATN950C-ASG-1
10.237.1.23,AB0086-CX600-X2-M8-ASG
10.237.33.1,CRV0023-CX600X8-RT01
10.237.1.40,AB0478-ATN950B-CSG-1
10.237.33.72,HRV0027-CX600-X2-M8-ASG
10.237.33.73,HRV0080-CX-600-X2-M8-ASG
10.237.33.74,LRV0083-ATN950B-ASG
10.237.33.68,LRV0034-CX600-X2-M8-ASG
10.237.33.69,HRV0078-CX600-X2-M8-ASG
10.237.33.70,HRV0087-CX600-X2-M8-ASG
10.237.33.71,HRV0115-CX600-X2 M8-ASG
10.237.33.64,HRV0020-ATN950C-ASG-1
10.237.33.66,HRV0116-ATN950C-ASG-1
10.237.33.67,HRV0202-CX600-X8-ASG
10.237.33.76,LRV0085-ATN950B-CSG
10.237.33.77,HRV0102-CX-600-X2-M8-ASG
10.237.33.75,HRV0084-CX600-X2-M8-ASG
10.237.33.133,LRV0099-ATN950B-CSG
10.237.33.79,LRV0126-CX600-X2-M8-ASG
10.237.33.129,LRV0417-ATN950B-CSG
10.237.33.130,LRV0042-ATN950B-CSG
10.237.33.82,LRV0088-ATN950B-CSG
10.237.33.80,HRVB07-CX600-X2 M8-ASG
10.237.33.128,LRV0004-ATN950-CSG
10.237.33.134,LRV0111-ATN950B-CSG
10.237.33.135,LRV0114-ATN950B-CSG
10.237.33.136,LRV0117-ATN950B-CSG-1
10.237.33.138,LRV0155-ATN950B-CSG
10.237.33.140,LRV0455-CSG_13-ATN950B
10.237.33.139,LRV0225-ATN950B-CSG
10.237.33.141,LRV0473-CSG_14-ATN950B
10.237.33.143,LRV0673-ATN950B-CSG
10.237.33.2,CRV0023-CX600X8-RT02
10.238.97.125,CPL0079-CX600_X2_M8-RSG-2
10.238.97.122,HTR0065-ATN910C-ASG-1
10.238.97.123,CYOLY01-CX600_X2_M8-RSG-1
10.238.97.124,CPL0079-CX600_X2_M8-RSG-1
10.238.97.126,GOMBE-RNC-ROUTER-2
10.238.97.127,GOMBE-CGOBY01-RNC-ROUTER-1
10.238.97.138,HBR0016-ATN-950C-ASG-1
10.238.97.135,HBR0003-ATN-950C-ASG-1
10.238.97.140,HBR0050-ATN-950C-ASG-1
10.238.97.137,HBR0012-ATN-950C-ASG-1
10.238.97.133,HBR0019-ATN-950C-ASG-1
10.238.97.132,HBR0008-ATN-950C-ASG-1
10.238.97.131,HBR0006-ATN-950C-ASG-1
10.238.97.136,HBR0004-ATN-950C-ASG-1
10.238.97.134,HBR0002-ATN-950C-ASG-1
10.238.97.130,HBR0005-ATN-950C-ASG-1
10.237.1.206,HAB0166-ATN950C-CSG
10.237.1.200,HAB0940-ATN910C-ASG
10.237.1.199,AB0139-CX600-X2-M8-CSG
10.237.1.192,HAB0066-ATN950C-ASG
10.237.1.191,AB0089-CX600-X2-M8-ASG
10.237.1.193,AB0486-ATN-910C-ASG
10.237.1.209,AB0083-ATN950C-CSG
10.237.1.207,HAB0789-ATN-950C-ASG
10.237.1.208,HAB0025-ATN-950C-CSG
10.237.1.203,HAB0042-ATN-950C-CSG
10.237.1.202,AB0926-ATN-910C-CSG
10.237.1.201,AB0163-ATN950C-ASG
10.238.97.165,HPL0005-ATN910C-ASG
10.238.65.46,HUGPY01-ATN950C-ASG
10.238.65.45,HCRR049-ATN910C-ASG
10.238.129.203,AN0133-CX600-X2-M8A-ASG-1
10.238.65.21,EN0077-ATN910C-ASG
10.238.65.32,HEN0025-ATN950C-CSG
10.238.129.158,HDL0115-ATN910C-ASG-1
10.238.129.157,DL0114-ATN-910C-ASG
10.238.129.159,HDL0119-ATN-910C-ASG
10.238.129.215,HAN0502-ATN-910C-ASG-1
10.237.1.194,HAB0122-ATN950C-ASG
10.237.1.234,~HKG0043-ATN950C-ASG-1
10.238.97.145,BR0009-ATN950C-ASG
10.237.1.134,HBN0019-ATN950C-ASG
10.237.33.13,HAK0074-ATN-950C-CSG
10.238.97.151,JG0013-ATN950C-ASG
10.237.1.228,HKG0085-ATN-950C-ASG-1
10.237.33.166,RV0088-CX600-X2-M8A-ASG-1
10.238.1.201,KB0001-ATN910C-CSG
10.238.129.216,HAN0050-ATN910C-CSG
10.238.1.200,KB0002-ATN910C-ASG
10.238.1.5,HKD0004-ATN-950C-ASG-1
10.238.1.4,HKD0022-ATN-950C-CSG
10.238.1.3,HKD0008-ATN-950C-ASG-1
10.238.65.17,HEN0037-ATN950C-ASG-1
10.237.33.5,UYO-CX600-X2M8-RSG-1
10.238.65.10,EN0002-ATN950C-CSG-1
10.238.65.7,HEN0067-ATN950C-ASG-1
10.237.33.15,HAK0077-ATN950C-ASG-1
10.237.33.17,HAK0087-ATN950C-ASG-1
10.237.33.9,HAK0018-ATN950C-ASG-1
10.237.33.16,HAK0079-ATN950C-ASG-1
10.237.33.6,UYO-CX600-X2M8-RSG-2
10.237.1.4,HAB0004-CX600-X2-M8-ASG-1
10.237.1.3,HAB0002-CX600-X2-M8-ASG1
10.237.1.5,HAB0009-CX600-X8-ASG
10.237.1.6,HAB0017-CX600-X2-M8-ASG-1
10.237.1.2,ABJ0026-CX600-X8-RSG-2
10.237.1.8,HAB0952-CX600-X8-ASG
10.237.1.18,HAB0032-CX600-X2-M8-CSG-1
10.237.1.17,HAB0030-CX600-X2-M8-ASG-1
10.237.1.16,HAB0027-CX600-X2-M8-ASG-1
10.237.1.1,ABJ0026-CX600-X8-RSG-1
10.237.1.20,HAB0043-ATN950C-ASG-1
10.237.1.13,HAB0014-CX600-X2-M8-ASG-1
10.237.1.12,HAB0013-CX600-X2-M8-ASG8
10.237.1.14,HAB1125-CX600-X2-M8-ASG
10.237.1.11,HAB0010-CX600-X2-M8-ASG-1
10.237.1.15,HAB0022-CX600-X2-M8-ASG
10.237.1.21,HAB0064-CX600-X2-M8-ASG
10.237.1.22,AB0075-CX600-X2-M8-ASG1
10.237.1.24,HAB0131-CX600-X2-M8-ASG
10.237.1.19,HAB0037-CX600-X2-M8-ASG
10.237.1.10,HAB0008-CX600-X2-M8-ASG1
10.237.1.9,HAB0006-CX600-X2-M8-ASG-1
10.237.1.29,AB0020-ATN950B-CSG4
10.237.1.30,LAB0040_ATN950B_CSG-1
10.237.1.31,LAB0041-ATN950B-CSG-1
10.237.1.26,HAB0001-ATN950B-CSG1
10.237.1.28,HAB0016-ATN950B-CSG-1
10.237.1.25,HAB0135-CX600-X2-M8-ASG
10.237.1.38,AB0388-ATN950B-CSG-1
10.237.1.36,AB1241-ATN910C-ASG-1
10.237.1.37,LAB0379-ATN950B-CSG-1
10.237.1.32,LAB0048-ATN950B-CSG-1
10.237.1.35,LAB0133-ATN950B-CSG-1
10.237.1.233,KG0046-ATN-910C-ASG
10.237.1.230,KG0036-ATN-910C-CSG
10.237.1.229,HKG0275-ATN910C-ASG-1
10.237.1.231,KG0038-ATN-910C-ASG
10.237.1.253,BN0079-ATN910C-CSG
10.237.1.232,KG0287-ATN910C-ASG
10.237.33.157,HRV0467-ATN950CASG-1
10.237.33.14,HAK0076-ATN950C-CSG
10.237.33.24,HAK0113-ATN-950C-CSG
10.237.33.21,HAK0370-ATN-950C-ASG-1
10.237.33.20,HAK0005-ATN-950C-CSG
10.237.33.23,HAK0483-ATN-950C-ASG-1
10.238.33.20,HKT0291-ATN950C-CSG
10.237.33.12,HAK0071-ATN-950C-CSG
10.237.33.151,LRV0094-ATN95C-CSG
10.237.33.161,LRV0729-ATN-910CASG-1
10.237.33.159,LRV0651-ATN-910CASG-1
10.237.33.150,HRV0076-ATN-910C-CSG
10.237.33.148,LRV0046-ATN950C-CSG
10.237.33.146,LRV0028-ATN950C-CSG
10.238.65.18,HEN0355-ATN-950C-ASG-1
10.208.83.66,Benin-ED0123-CX600-X8
10.238.65.16,HEN0029-ATN-950C-ASG-1
10.238.65.13,HEN0009-ATN-950C-ASG-1
10.238.65.11,EN0004-ATN950C-CSG
10.238.65.6,EN0001-ATN950C-CSG
10.237.33.200,HCR0029-ATN-950C-ASG-1
10.237.33.155,HRV0127-ATN-950C-ASG-1
10.237.33.152,HRV0100-ATN-950C-ASG-1
10.237.33.147,HRV0029-ATN-950C-ASG-1
10.238.65.15,HEN0021-ATN-950C-ASG-1
10.237.33.160,HRV0710-ATN-950C-ASG-1
10.237.33.162,HRV0738-ATN-950C-ASG-1
10.238.1.11,HKD0071-ATN950C-CSG
10.238.1.10,HKD0100-ATN-950C-CSG
10.238.1.12,HKD0035-ATN-950C-ASG-1
10.237.33.199,CR0028-ATN-950C-ASG-1
10.238.129.211,HAN0435-ATN950C-CSG
10.238.129.204,HAN0011-ATN950C-ASG-1
10.238.129.202,HANB01-ATN950C-CSG
10.238.1.7,HKD0046-ATN-950C-ASG-1
10.238.1.6,HKD0005-ATN-950C-ASG-1
10.238.1.8,HKD0013-ATN950C-CSG
10.238.1.9,HKD0034-ATN950C-CSG
10.238.1.19,HKD0449-ATN-910C-ASG-1
10.238.1.18,HKD0021-ATN-910C-ASG-1
10.238.1.17,HKD0098-ATN-910C-ASG-1
10.238.1.16,HKD0608-ATN-910C-ASG-1
10.238.33.22,KN0422-ATN-910C-CSG
10.238.33.21,HKN0015-ATN-950C-ASG-1
10.238.33.18,HKN0009-ATN910C-ASG-1
10.238.33.12,HKN0046-ATN910C-ASG-1
10.238.33.13,HKN0008-ATN910C-ASG-1
10.238.33.17,HKN0472-ATN910C-ASG-1
10.238.33.16,HKN0006-ATN910C-ASG-1
10.238.33.15,HKN0544-ATN910C-ASG-1
10.238.33.14,HKN0546-ATN910C-ASG-1
10.237.33.137,HRV0074-ATN-950C-ASG-1_NEW
10.238.129.212,HAN0025-ATN950C-ASG-1
10.238.97.121,CYOLY01-CX600_X2_M8-RSG-2
10.238.65.23,HEB0029-ATN-950C-ASG-1
10.237.1.133,HTR0063-ATN-950C-ASG-1
10.237.1.132,HBN0025-ATN-910C-ASG-1
10.237.33.218,HRV0018-ATN-950C-ASG-1
10.238.129.213,AN0003-ATN950C-CSG
10.237.33.220,HRV0715-ATN-950C-ASG-1
10.237.33.219,HRV0411-ATN-950C-ASG-1
10.237.33.35,HIM0050-ATN-910C-ASG-1
10.237.33.37,HIM0412-ATN-910C-CSG
10.237.33.36,HIM0055-ATN-910C-CSG
10.238.97.142,HBR0007-ATN-950C-CSG
10.238.97.144,HBR0015-ATN-950C-CSG
10.238.97.143,HBR0013-ATN-910C-CSG
10.238.1.28,HKD0099-ATN-950C-ASG-1
10.238.1.25,HKD0015-ATN950C-CSG
10.238.1.29,HKD0007-ATN-950C-ASG-1
10.238.1.31,HKD0025-ATN-950C-ASG-1
10.238.1.30,HKD0031-ATN-910C-ASG-1
10.238.1.26,HKD0444-ATN910C-CSG
10.238.1.22,HKD0061-CX600-X2-M8-ASG
10.238.1.21,HKD0086-CX600_X2-CSG
10.238.1.20,HKD0089-ATN-950C-ASG-1
10.237.33.28,HAK0006-ATN-910C-ASG-1
10.237.33.27,HAK0032-ATN-910C-ASG-1
10.238.129.146,HDL0110-ATN-950C-ASG-1
10.238.1.23,HKD0018-ATN950C-CSG
10.237.33.221,HRV0091-ATN-950C-ASG-1
10.237.33.25,HAK0392-ATN-910C-ASG-1
10.237.33.222,HRV0519-ATN-910C-CSG
10.237.33.223,HRV0108-ATN-910C-CSG
10.237.33.225,HRV0525-ATN-950C-ASG-1
10.237.33.224,HRV0101-ATN-950C-ASG-1
10.238.33.23,KN0020-ATN-910C-CSG
10.238.33.19,HKN0013-ATN-910C-ASG-1
10.238.33.28,KN0094-ATN-910C-CSG
10.238.33.26,HKN0007-ATN-950C-ASG-1
10.238.33.24,KN0522-ATN-910C-CSG
10.238.97.120,HJG0008-CX600-X2M8-CSG
10.238.33.30,KN0320-ATN-910C-CSG
10.237.1.41,HAB0081-ATN910c-CSG-1
10.238.65.20,HEN0052-ATN-950C-ASG-1
10.238.1.15,HKD0134-ATN-950C-ASG-1
10.238.1.14,HKD0072-ATN-950C-ASG-1
10.237.33.216,HRVB01-ATN-950C-ASG-1
10.237.33.215,HBYB01-ATN950C-ASG-1
10.238.1.13,HKD0027-ATN-950C-ASG-1
10.238.1.131,HKD0091-ZARIA-ATN-950C-ASG-1
10.238.1.130,HZM0012-ATN950C_X2-CSG
10.237.33.214,HBY0007-ATN-950C-ASG-1
10.237.33.213,HRVB03-CX600-X2-M8-ASG-1
10.237.33.212,HBY0011-ATN-950C-ASG-1
10.237.33.211,HDLB02-ATN950C-ASG-PAT-01
10.238.1.128,HSK0004-CX600_X2-CSG
10.238.65.137,HAI0006-ATN-950C-ASG-1
10.237.33.11,HAK0029-ATN-950C-CSG
10.237.33.8,HAK0009-ATN950C-ASG-1
10.237.33.10,HAK0028-ATN-950C-CSG
10.237.33.19,HAK0093-ATN950C-CSG
10.237.33.32,HAK0391-ATN-950C-CSG
10.232.107.234,Ibadan-CX600
10.238.65.2,CEN0099-CX600-X8-RSG-2
10.238.97.101,HBU0021-ATN910C-ASG-1
10.238.97.100,HBU0019-ATN910C-ASG-1
10.238.97.99,HBU0017-ATN910C-ASG-1
10.237.33.34,HIM0046-ATN-910C-CSG
10.237.33.33,HIM0048-ATN-950C-ASG-1
10.238.97.66,HGM0032-ATN910C-ASG-1
10.238.97.65,HGM0006-ATN910C-ASG-1
10.238.97.96,HBU0002-ATN910C-ASG-1
10.238.97.67,HGM0034-ATN910C-ASG-1
10.238.97.98,HBU0016-ATN910C-ASG-1
10.238.1.67,HSK0006-ATN910C-ASG-1
10.238.1.70,HSK0022-ATN910C-ASG-1
10.238.1.71,HSK0025-ATN910C-ASG-1
10.238.1.68,HSK0007-ATN910C-ASG-1
10.238.97.64,HGM0002-ATN910C-ASG-1
10.238.1.69,HSK0010-ATN910C-ASG-1
10.238.1.72,HSK0045-ATN910C-ASG-1
10.237.1.254,HBN0035-ATN-910C-
10.238.33.31,KN0071-ATN-910C-CSG
10.238.65.25,ENB01-CX600-X2-M8A-ASG
10.237.33.198,HCR0014-ATN-950C-ASG-1
10.238.65.26,CEN0026-CX600-X2-M8-RSG-2
10.238.65.31,HEN0030-ATN910C-CSG
10.238.65.30,HEN0119-ATN-910C-CSG
10.237.1.127,HBN0040-CX600-X2-M8A-ASG-1
10.238.129.222,HAN0012-ATN-910C-ASG-1
10.238.129.221,HAN0013-ATN-910C-ASG-1
10.238.129.224,HAN0027-ATN-910C-ASG-1
10.238.65.27,HEN0020-ATN950C-CSG
10.237.1.161,BN0027-ATN-910C-ASG-1
10.237.1.160,HBN0051-ATN-950C-ASG-1
10.237.1.164,HBN0030-ATN950-ASG-1
10.238.129.223,HAN0033-ATN-910C-ASG-1
10.238.65.29,HEN0120-ATN-910C-CSG
10.238.129.148,HDL0065-ATN950C-CSG-1
10.238.129.147,HDL0066-ATN950C-CSG-1
10.238.97.162,HAD0014-ATN-910C-CSG
10.238.97.161,HAD0021-ATN-910C-CSG
10.238.97.160,HAD0018-ATN-910C-CSG
10.238.129.149,HDL0069-ATN950C-CSG-1
10.238.97.163,HAD0410-ATN-910C-CSG
10.238.1.33,HKD0024-ATN-950C-ASG-1
10.238.1.42,HKD0425-ATN950C-ASG-1
10.238.1.39,HKD0010-ATN-950C-ASG-1
10.238.1.38,HKD0026-ATN-950C-ASG-1
10.238.1.34,KD0101-ATN950C-ASG-1
10.238.1.37,HKD0045-ATN950C-CSG-1
10.238.1.36,HKD0050-ATN950C-ASG-1
10.238.1.43,HKD0556-ATN950C-CSG
10.238.129.217,HAN0130-ATN950C-ASG-1
10.238.129.219,HAN0054-ATN950C-ASG-1
192.168.228.238,CLEK_HCE_RT02
192.168.224.242,CLEK_HCE_RT01
10.204.58.60,CABJ_HCE_RT02
10.204.58.59,CABJ_HCE_RT01
10.208.51.60,CBNN_HCE_RT02
10.208.51.59,CBNN_HCE_RT01
10.237.1.172,HAB0011-ATN-910C-CSG
10.237.1.173,HAB0069-ATN-910C-CSG
10.237.1.163,HBN0382-ATN910C-ASG1
10.237.1.162,HBN0330-ATN-910C-ASG-1
10.237.1.171,AB0480-ATN-910C-CSG
10.237.1.170,HAB0031-ATN910C-ASG
10.237.1.166,AB1119-ATN910C-CSG
10.237.1.165,AB1091-ATN-910C-CSG
10.237.1.169,AB0461-ATN-910C-CSG
10.237.1.167,AB0674-ATN910C-CSG
10.237.33.167,RV0118-ATN950C-ASG
10.237.33.171,HRV0110-ATN950C-ASG
10.237.33.38,HIM0067-ATN950C-ASG
10.237.33.39,HIM0058-ATN950C-CSG
10.237.33.40,HIMB01-ATN950C-ASG-1
10.237.1.140,BN0040-CX600-X2-M8-ROUTER2
10.237.33.41,IM0043-ATN910C-ASG
10.237.33.42,IM0023-ATN950C-ASG
10.237.1.204,AB0983-ATN910C-ASG
10.237.1.205,AB1058-ATN910C-ASG-
10.238.97.171,YB0049-ATN950C-ASG-1
10.237.33.43,IM0019-ATN950C-ASG-1
10.238.97.148,BR0025-ATN950C-ASG-1
10.238.129.228,AN0042-ATN950C-ASG
10.238.129.229,AN0043-ATN950C-ASG
10.238.129.230,ANB02-ATN950C-ASG
10.238.129.231,AN0066-ATN950C-ASG
10.238.129.232,AN0542-ATN950C-ASG
10.238.129.233,HAN0081-ATN950C-ASG
10.238.129.234,AN0070-ATN950C-ASG
10.238.129.235,HAN0031-ATN950C-CSG
10.238.97.170,YB0051-ATN-950C-ASG-1
10.237.33.131,IM0054-RNC-CX600-X2-M8-1
10.238.97.152,JG0004-ATN910C-ASG
10.238.97.104,BU0039-ATN910C-ASG
10.238.65.47,CR0051-ATN910C-ASG
10.238.65.48,CR0040-ATN910C-ASG
10.238.129.238,AN0062-ATN910C-ASG
10.238.129.237,AN0040-ATN950C-ASG
10.238.129.236,AN0019-ATN950C-ASG
10.237.33.44,IM0053-ATN950C-ASG
10.237.33.45,IM0052-ATN950C-ASG
10.237.33.46,IM0069-ATN950C-ASG
10.237.33.47,IM0041-ATN950C-ASG
10.237.33.48,IM0006-ATN950C-ASG
10.238.65.51,IM0087-ATN910C-ASG-1
10.238.97.166,AD0007-ATN-950C-ASG-1
10.238.33.103,KN0033-ATN910C-ASG
10.238.33.102,KN0075-ATN910C-ASG
10.238.33.100,KN0082-ATN-910C-ASG
10.238.33.101,KN0084-ATN-910C-ASG
10.237.1.212,AB0070-ATN910C-CSG
10.238.65.154,AIB01-ATN950C-ASG
10.238.65.50,EB0002-ATN910C-ASG
10.238.65.49,CR0058-ATN950C-ASG
10.237.1.242,NS0005-ATN910C-ASG
10.237.1.240,NS0001-ATN910C-ASG
10.237.1.187,AB0029-ATN910C-CSG
10.237.1.188,AB0065-ATN-950C-ASG-1
10.237.33.240,BY0001-ATN950B
10.237.33.241,BY0016-ATN950B
10.237.33.242,HBY0031-ATN910C-CSG
10.237.1.138,NI0018-ATN-950C-ASG-1
10.237.1.145,NI0336-ATN-910C-ASG
10.237.1.168,NI0391-ATN-910C-ASG
10.237.1.195,KD0094-ATN910C-ASG
10.237.33.226,RV0002-ATN910C-ASG
10.237.33.227,HRV0086-ATN-950C-ASG-1
10.237.33.228,RV0745-ATN910C-ASG
10.237.33.229,RV0704-ATN910C-ASG
10.237.33.230,RV0030-ATN910C-ASG
10.237.33.49,AI0325-ATN950C-ASG
10.237.33.50,IM0022-ATN950C-ASG-1
10.237.33.52,HIM0070-ATN-910C-ASG-1
10.237.33.54,IM0587-ATN-910C-ASG
10.238.1.98,ZM0004-ATN910C-ASG
10.237.1.211,AB0489-ATN950C-ASG
10.237.1.213,AB0090-ATN910C-ASG
10.238.97.167,PL0002-ATN950C-ASG
10.238.97.168,PL0004-ATN950C-ASG
10.238.97.169,PL0010-ATN910C-ASG
10.238.97.175,PL0016-ATN910C-ASG
10.238.33.90,KT0002-ATN950C-ASG
10.238.33.91,KT0019-ATN-950C-ASG-1
10.238.33.92,KT0412-ATN910C-ASG
10.238.33.93,KT0290-ATN910C-ASG
10.237.1.141,NI0011-ATN950C-ASG
10.237.1.142,NI0040-ATN910C-ASG
10.237.1.139,NI0038-ATN950C-ASG-1
10.238.129.239,AN0024-ATN950C-ASG
10.238.129.240,AN0038-ATN950C-ASG
10.237.1.250,BN0014-ATN910-ASG
10.237.1.251,BN0078-ATN910C-ASG
10.237.1.252,BN0067-ATN-950C-ASG-1
10.237.33.30,AK0052-ATN950C-ASG
10.237.33.31,AK0078-ATN-910C-ASG-1
10.237.1.214,AB0087-ATN910C-ASG-1
10.238.97.129,BR0001-ATN950C-RSG-2
10.238.1.44,KD0079-ATN910C-ASG
10.238.1.45,KD0083-ATN-950C-ASG-1
10.238.1.46,KD0138-ATN-950C-ASG-1
10.238.1.47,HKD0084-ATN-950C-ASG-1
10.238.97.180,TR0011-ATN910C-ASG-1
10.238.1.99,ZM0001-ATN910C-ASG
10.238.129.160,DL0072-ATN910C-ASG
10.238.129.161,DL0370-ATN950C-ASG-1
10.238.97.176,PL0014-ATN910C-ASG
10.237.33.239,RV0070-ATN950C-ASG
10.237.33.237,HRVB05-ATN-950C-ASG-1
10.237.33.249,AK0003-ATN950C-ASG-1
10.238.97.173,YB0010-ATN910C-ASG-1
10.238.97.174,YB0007-ATN-950C-ASG-1
10.238.97.172,YB0009-ATN-950C-ASG-1
10.238.1.48,KD0051-ATN950C-ASG-1
10.238.1.49,KD0040-ATN-950C-ASG-1
10.238.97.184,YB0015-ATN-950C-ASG-1
10.238.129.241,AN0014-ATN950C-ASG-1
10.238.129.242,AN0575-ATN910C-ASG-1
10.238.129.243,AN0577-ATN910C-ASG-1
10.238.129.244,AN0518-ATN910C-ASG-1
10.238.129.245,AN0034-ATN950C-ASG-1
10.238.97.149,BR0010-ATN910C-ASG
10.238.97.150,BR0428-ATN910C-ASG-1
10.237.1.189,AB0062-ATN950C-ASG
10.237.1.246,NS0013-ATN950C-ASG-1
10.237.1.247,NS0014-ATN950C-ASG-1
10.237.1.248,NS0015-ATN950C-ASG-1
10.238.65.155,AI0015-ATN950C-ASG-1
10.238.65.156,AI0003-ATN950C-ASG-1
10.238.65.143,AI0463-ATN950C-ASG-1
10.237.1.224,NI0390-ATN950C-ASG-1
10.237.1.226,NI0505-ATN950C-ASG-1
10.237.1.227,NI0027-ATN950C-ASG-1
10.237.1.225,NI0025-ATN950C-ASG-1
10.237.33.243,RV0632-ATN910C-ASG-1
10.237.33.244,HRV0413-ATN-950C-ASG-1
10.237.33.246,RV0164-ATN950C-ASG-1
10.237.33.247,RV0039-ATN950C-ASG-1
10.237.33.245,RV0103-ATN950C-ASG-1
10.238.1.50,KD0033-ATN950C-ASG-1
10.238.1.51,KD0097-ATN950-ASG-1
10.238.1.41,HKD0002-ATN950C-ASG-1
10.238.1.35,KD0114-ATN-950C-ASG-1
10.238.1.40,HKD0029-ATN-950C-ASG-1
10.238.97.153,BR0011-ATN910C-ASG
10.238.33.105,KN0022-ATN-950C-ASG-1
10.238.33.106,KN0002-ATN950C-ASG
10.238.33.107,KN0079-ATN950C-ASG-1
10.238.33.108,KN0539-ATN950C-ASG-1
10.238.33.109,KN0468-ATN950C-ASG
10.238.33.110,KN0338-ATN910C-ASG-1
10.238.33.111,KN0037-ATN950C-ASG
10.238.33.112,KN0469-ATN910C-ASG-1
10.238.33.114,KN0325-ATN950C-ASG
10.238.97.105,BU0023-ATN910C-ASG-1
10.237.33.231,RV0138-ATN910C-ASG
10.237.33.248,RV0575-ATN950C-ASG-1
10.237.33.250,RV0445-ATN910C-ASG-1
10.237.33.251,RV0576-ATN910C-ASG-1
10.237.33.252,RV0749-ATN910C-ASG-1
10.237.1.222,BN0025-NE8000-ASG-1
10.237.1.223,BN0025-NE8000-ASG-2
10.237.35.41,BY0541-ATN950C-ASG-1
10.237.35.42,BY0004-ATN950C-ASG-1
10.237.35.43,BY0532-ATN910C-ASG-1
10.237.35.44,BY0526-ATN910C-ASG-1
10.237.35.45,BY0022-ATN950C-ASG-1
10.237.1.239,KG0079-ATN-950C-ASG-1
10.237.35.9,RV0510-ATN950C-ASG-1
10.237.35.8,RV0092-ATN910C-ASG-1
10.237.35.4,RV0737-ATN910C-ASG-1
10.237.35.10,RV0412-ATN910C-ASG-1
10.237.33.254,RV0736-ATN910C-ASG-1
10.237.33.233,AKB02-ATN950C-ASG-1
10.237.33.238,AK0042-ATN950C-ASG-1
10.237.1.215,AB0134-ATN910C-ASG-1
10.237.1.216,AB0156-ATN910C-ASG-1
10.237.1.217,AB0985-ATN910C-ASG-1
10.237.1.218,AB1155-ATN910C-ASG-1
10.238.129.162,DL0411-ATN950C-ASG-1
10.238.129.163,DL0246-ATN950C-ASG-1
10.238.129.168,DL0245-ATN950C-ASG-1
10.238.129.165,DL0485-ATN910C-ASG-1
10.238.129.166,DL0112-ATN950C-ASG-1
10.238.129.167,DL0120-ATN950C-ASG-1
10.238.129.169,DL0024-ATN910C-ASG-1
10.237.1.249,KG0045-ATN910C-ASG-1
10.237.35.11,RV0062-ATN910C-ASG-1
10.238.129.170,DL0070-ATN950C-ASG-1
10.238.129.171,DL0022-ATN950C-ASG-1
10.238.97.154,BR0068-ATN950C-ASG-1
10.238.129.172,DL0108-ATN950C-ASG-1
10.238.129.173,DL0012-ATN950C-ASG-1
10.238.33.115,HKN0034-ATN910C-ASG-1
10.238.33.25,HKN0026-ATN910C-ASG-1
10.237.1.210,AB0015-ATN-910C-ASG
10.237.1.149,AB0659-ATN-910C-ASG-1
10.238.129.174,DL0640-ATN910C-ASG-1
10.238.65.14,HEN0019-ATN-950C-ASG-1
10.237.1.43,AB0159-ATN-950C-ASG-1
10.237.1.42,AB0003-ATN950B-ASG-1
10.238.97.185,JG0020-ATN910C-ASG-1
10.238.97.186,JG0015-ATN-950C-ASG-1
10.238.97.187,JG0033-ATN910C-ASG-1
10.238.97.189,JG0003-ATN-950C-ASG-1
10.238.97.190,YB0018-ATN910C-ASG-1
10.237.35.46,BY0380-ATN910C-ASG-1
10.237.35.47,BY0346-ATN910C-ASG-1
10.238.65.52,EB0011-ATN950C-ASG-1
10.238.65.53,EB0030-ATN910C-ASG-1
10.238.65.54,EB0012-ATN910C-ASG
10.238.65.55,EB0006-ATN950C-ASG-1
10.238.65.56,EB0010-ATN910C-ASG-1
10.238.65.57,EN0432-ATN950D-ASG-1
10.238.129.177,DL0609-ATN910C-ASG-1
10.238.129.175,DL0109-ATN950C-ASG-1
10.238.129.176,DL0701-ATN910C-ASG-1
10.238.97.191,YB0014-ATN-950C-ASG-1
10.238.97.192,YB0020-ATN-950C-ASG-1
10.237.1.44,AB0443-ATN910C-ASG-1
10.237.1.45,AB0095-ATN950C-ASG-1
10.237.1.46,AB1099-ATN910C-ASG-1
10.237.1.48,AB0125-ATN950C-ASG-1
10.237.1.49,AB0493-ATN910C-ASG-1
10.238.1.76,SK0016-ATN-950C-ASG-1
10.238.97.188,JG0010-ATN-950C-ASG-1
10.237.1.235,NS0012-ATN950C-ASG-1
10.237.1.50,AB0169-CX600-X2-M8A-ASG-1
10.237.1.51,AB0494-ATN950C-ASG-1
10.238.97.177,AD0011-ATN-910C-CSG-1
10.237.1.52,AB0435-ATN-950C-ASG-1
10.237.1.53,AB1080-ATN-950C-ASG-1
10.237.1.54,AB0044-ATN-910C-ASG-1
10.238.129.154,DL0237-ATN910C-ASG-1
10.238.129.155,DL0605-ATN910C-ASG-1
10.238.129.156,DL0091-ATN910C-ASG-1
10.238.33.113,KN0038-ATN950C-ASG-1
10.238.129.178,DL0148-ATN910C-ASG-1
10.237.35.20,RV0065-ATN950C-ASG-1
10.237.1.56,AB0035-ATN910C-ASG-1
10.237.1.57,AB0491-ATN910C-ASG-1
10.237.1.58,AB1038-ATN910C-ASG-1
10.237.1.59,AB0384-ATN910C-ASG-1
10.237.1.60,AB0413-ATN910C-ASG-1
10.237.1.61,AB0354-ATN950C-ASG-1
10.237.1.150,NI0133-ATN910C-ASG-1
10.237.1.151,NI0081-ATN910C-ASG-1
10.237.1.152,NI0286-ATN910C-ASG-1
10.238.1.204,KB0002-ATN-950D-ASG-1
10.238.1.210,KB0004-ATN910C-ASG-1
10.238.1.206,KB0024-ATN-950C-ASG-1
10.238.1.207,KB0026-ATN-950C-ASG-1
10.238.1.208,KB0027-ATN-950C-ASG-1
10.238.1.205,KB0014-ATN-950C-ASG-1
10.238.1.203,KB0237-ATN910C-ASG-1
10.237.1.154,NI0448-ATN910C-ASG-1
10.237.1.155,NI0034-ATN910C-ASG-1
10.238.97.195,PL0078-ATN-950D-ASG-1
10.237.1.62,AB0449-ATN910C-ASG-1
10.237.1.156,NI0008-ATN910C-ASG-1
10.237.1.157,NI0009-ATN-950D-ASG-1
10.237.35.49,BY0010-ATN910C-ASG-1
10.237.35.50,BY0345-ATN910C-ASG-1
10.238.1.211,NI0131-ATN910C-ASG-1
10.238.1.209,KB0029-ATN910C-ASG-1
10.237.1.146,TR0001-ATN910C-CSG-1
10.238.129.181,DL0692-ATN950C-ASG-1
10.238.129.180,DL0049-ATN950C-ASG-1
10.238.129.179,DL0001-ATN910C-ASG-1
10.238.97.102,BU0006-ATN950C-ASG
10.238.1.54,KD0103-ATN-910C-ASG-1
10.238.1.53,KD0105-ATN910C-ASG-1
10.238.1.52,KD0075-ATN-950D-ASG-1
10.237.1.63,AB0950-ATN950C-ASG-1
10.237.1.64,AB0001-ATN950C-ASG-1
10.237.1.65,AB0356-ATN950C-ASG-1
10.237.1.66,AB0036-ATN910C-CSG-1
10.237.1.67,AB1239-ATN950C-ASG-1
10.237.1.68,AB0350-ATN910C-ASG-1
10.237.1.70,AB0651-ATN910C-ASG-1
10.237.1.79,AB0119-ATN910C-ASG-1
10.237.1.80,AB1252-ATN910C-ASG-1
10.237.1.81,AB1011-ATN910C-ASG-1
10.237.1.82,NS0370-ATN910C-ASG-1
10.237.1.83,AB0383-ATN910C-ASG-1
10.237.1.84,AB0050-ATN950C-ASG-1
10.238.97.178,HAD0008-ATN950C-ASG-1
10.237.1.76,KG0062-ATN950D-ASG-1
10.237.1.77,KG0418-ATN950D-ASG-1
10.237.1.236,KG0316-ATN-910C-CSG-1
10.237.1.158,NI0400-ATN91C-ASG-1
10.238.65.33,EN0035-ATN950D-ASG-1
10.238.65.34,EN0523-ATN950D-ASG-1
10.237.1.75,KG0302-ATN950D-ASG-1
10.237.1.55,AB0487-ATN950C-ASG-1
10.237.1.118,BN0024-ATN-950D-ASG-1
10.237.1.119,EN0381-ATN950D-ASG-1
10.238.33.94,KT0003-ATN-950D-ASG-1
10.238.33.95,KT0321-ATN-950D-ASG-1
10.238.33.96,KT0355-ATN-950D-ASG-1
10.238.33.97,KT0004-ATN-950D-ASG-1
10.238.33.98,KT0006-ATN-950D-ASG-1
10.238.33.99,KT0028-ATN-950D-ASG-1
10.238.33.116,KN0092-ATN-950D-ASG-1
10.238.33.117,KN0229-ATN-950D-ASG-1
10.238.33.118,KN0729-ATN-950D-ASG-1
10.238.33.119,KN0004-ATN-950D-ASG-1
10.237.1.159,NI0067-ATN-910C-ASG-1
10.237.1.74,KG0049-ATN-950D-ASG-1
10.238.97.196,PL0001-ATN950D-ASG-1
10.238.65.58,EN0636-ATN950D-ASG-1
10.237.1.148,KB0012-ATN-950D-ASG-1
10.237.1.147,NI0137-ATN950D-ASG-1
10.238.1.212,KB0343-ATN950D-ASG-1
10.238.1.214,KB0015-ATN-950D-ASG-1
10.238.1.215,KB0342-ATN-950D-ASG-1
10.238.65.157,AI0377-ATN950D-ASG-1
10.238.65.158,AI0022-ATN950D-ASG-1
10.238.65.159,AI0655-ATN950D-ASG-1
10.238.65.59,EN0575-ATN950D-ASG-1
10.238.65.60,EN0549-ATN950D-ASG-1
10.238.1.216,KB0005-ATN-950D-ASG-1
10.238.65.61,EN0509-ATN950D-ASG-1
10.238.65.62,EN0412-ATN950D-ASG-1
10.237.33.234,RV0526-ATN910C-ASG
10.237.1.71,NI0004-ATN950D-ASG-1
10.237.1.72,NI0274-ATN950D-ASG-1
10.237.1.73,NI0449-ATN950D-ASG-1
10.237.1.120,NI0041-ATN950D-ASG-1
10.237.1.121,NI0415-ATN950D-ASG-1
10.237.1.122,NI0003-ATN950D-ASG-1
10.237.1.123,NI0014-ATN950D-ASG-1
10.237.1.124,NI0010-ATN950D-ASG-1
10.237.1.237,KG0035-ATN910C-CSG
10.237.1.238,KG0037-ATN-910C-CSG
10.238.97.155,BR0367-ATN-950D-ASG-1
10.238.97.156,BR0014-ATN-950D-ASG-1
10.238.97.157,BR0411-ATN-950D-ASG-1
10.237.1.109,BN0390-ATN-950D-ASG-1
10.237.1.110,BN0387-ATN-950D-ASG-1
10.237.1.111,BN0059-ATN-950D-ASG-1
10.237.1.116,BN0383-ATN950D-ASG-1
10.237.1.78,KG0068-ATN950D-ASG-1
10.237.1.112,BN0060-ATN950D-ASG-1
10.238.65.168,AI0028-ATN950D-ASG-1
10.238.65.167,AI0089-ATN950D-ASG-1
10.238.65.166,AI0680-ATN950D-ASG-1
10.238.65.165,AI0452-ATN950D-ASG-1
10.238.65.164,AI0054-ATN950D-ASG-1
10.238.65.163,AI0658-ATN950D-ASG-1
10.238.65.162,AI0557-ATN950D-ASG-1
10.238.65.161,AI0044-ATN950D-ASG-1
10.238.65.160,AI0625-ATN950D-ASG-1
10.238.1.56,KD0093-ATN-910C-ASG-1
10.238.1.57,KD0402-ATN910C-ASG-1
10.237.1.27,PL0039-ATN950D-ASG-1
10.238.1.58,KD0146-ATN-910C-ASG-1
10.238.1.59,KD0092-ATN-910C-ASG-1
10.238.129.246,AN0140-ATN950D-ASG-1
10.238.129.248,AN0002-ATN950D-ASG-1
10.238.129.247,AN0436-ATN950D-ASG-1
10.238.97.72,GM0033-ATN950D-ASG-1
10.237.1.108,BN0046-ATN-950D-ASG-1
10.237.1.103,BN0384-ATN-950D-ASG-1
10.237.1.104,BN0385-ATN-950D-ASG-1
10.237.1.105,BN0083-ATN-950D-ASG-1
10.237.1.106,BN0470-ATN950D-ASG-1
10.237.1.107,BN0032-ATN-950D-ASG-1
10.237.1.113,BN0033-ATN-950D-ASG-1
10.237.1.114,BN0708-ATN-950D-ASG-1
10.237.1.115,BN0082-ATN950D-ASG-1
10.238.1.84,KD0087-ATN-950D-ASG-1
10.238.1.85,KD0085-ATN-950D-ASG-1
10.238.1.86,KD0825-ATN-950D-ASG-1
10.238.1.60,KD0126-ATN950D-ASG-1
10.238.1.61,KD0014-ATN950D-ASG-1
10.238.1.62,KD0418-ATN-950D-ASG-1
10.238.1.63,KD0779-ATN950D-ASG-1
10.238.1.64,KD0044-ATN950C-ASG-1
10.238.1.65,KD0680-ATN-950D-ASG-1
10.238.33.120,KN0070-ATN-950D-ASG-1
10.238.1.83,KD0606-ATN950D-ASG-1
10.237.35.28,RV0417-ATN950D-ASG-1
10.238.1.87,KD0077-ATN950D-ASG-1
10.238.1.88,KD0068-ATN950D-ASG-1
10.237.35.29,RV0040-ATN950D-ASG-1
10.238.65.63,CR0020-ATN-950D-ASG-1
10.238.65.64,CR0003-ATN-950D-ASG-1
10.237.1.117,BN0021-ATN-950D-ASG-1
10.238.97.197,YB0017-ATN-950D-ASG-1
10.237.1.221,KG0315-ATN950D-ASG-1
10.238.97.198,JG0012-ATN-950D-ASG-1
10.238.1.89,ZM0014-ATN-910C-CSG
10.238.129.249,AN0005-ATN950D-ASG-1
10.238.33.122,KN0074-ATN950D-ASG-1
10.237.33.208,RV0005-ATN950D-ASG-1
10.237.35.30,AK0068-ATN-950D-ASG-1
10.237.35.31,AK0102-ATN-950D-ASG-1
10.238.1.90,KD0080-ATN950D-ASG-1
10.237.1.220,KG0087-ATN950D-ASG-1
10.238.97.158,BR0406-ATN950D-ASG-1
10.238.129.250,AN0565-ATN950D-ASG-1
10.237.1.102,AB0036-ATN950D-ASG-1
10.237.1.99,AB0361-ATN-950D-ASG-1
10.237.1.89,AB0306-ATN950D-ASG-1
10.237.1.92,AB1095-ATN950D-ASG-1
10.237.1.96,AB1114-ATN950D-ASG-1
10.237.1.98,AB0028-ATN950D-ASG-1
10.238.33.132,KN0005-ATN950D-ASG-1
10.238.33.128,KN0663-ATN950D-ASG-1
10.237.1.125,AB0488-ATN-910C-CSG
10.238.1.103,KD0667-ATN-950D-ASG-1
10.238.33.146,KT0018-ATN950D-ASG-1
10.237.1.95,AB1223-ATN950D-ASG-1
10.237.73.10,RV0892-ATN950D-ASG-1
10.237.91.48,NI0277-ATN950D-ASG-1
10.237.73.3,RV0456-ATN950D-ASG-1
10.237.33.217,RV0418-ATN910C-ASG-1
10.238.33.149,KT0031-ATN950D-ASG-1
10.237.1.87,AB0696-ATN950D-ASG-1
10.238.65.169,AI0023-ATN950C-ASG
10.237.35.55,RV0598-ATN950D-ASG-1
10.237.73.17,AK0016-ATN950D-ASG-1
10.238.33.154,KT0020-ATN950D-ASG-1
10.238.33.127,KN0557-ATN950D-ASG-1
10.237.1.69,AB0109-ATN950C-CSG
10.238.1.102,KD0855-ATN-950D-ASG-1
10.237.73.4,RV0032-ATN950D-ASG-1
10.237.73.6,RV0521-ATN950D-ASG-1
10.237.35.58,RV0648-ATN950D-ASG-1
10.237.35.57,RVB06-ATN950D-ASG-1
10.237.1.86,AB0133-ATN950D-ASG-1
10.238.33.135,KN0599-ATN950D-ASG-1
10.237.1.97,AB0041-ATN-950D-ASG-1
10.238.33.134,KN0011-ATN950D-ASG-1
10.238.65.38,EN0017-ATN950D-ASG-1
10.237.35.56,RV0719-ATN950D-ASG-1
10.237.73.1,RV0058-ATN950D-ASG-1
10.237.1.94,AB0934-ATN950D-ASG-1
10.238.33.148,KT0015-ATN950D-ASG-1
10.238.33.126,KN0880-ATN950D-ASG-1
10.237.1.101,AB1066-ATN950D-ASG-1
10.238.33.153,KT0044-ATN950D-ASG-1
10.237.1.100,AB1071-ATN950D-ASG-1
10.237.35.38,RV0022-ATN950D-ASG-1
10.238.129.252,AN0082-ATN950D-ASG-1
10.237.1.88,AB1191-ATN950D-ASG-1
10.238.65.41,EN0012-ATN950D-ASG-1
10.238.97.199,BAUY01-ATN950D-ASG-1
10.238.1.95,KD0798-ATN-950D-ASG-1
10.237.35.53,RV0696-ATN910C-ASG-1
10.238.33.150,KT0037-ATN950D-ASG-1
10.238.1.100,KD0581-ATN-950D-ASG-1
10.238.1.81,KD0096-ATN950B-CSG
10.237.35.36,RV0085-ATN950D-ASG-1
10.237.91.51,NI0306-ATN950D-ASG-1
10.237.35.54,RV0047-ATN910C-ASG-1
10.238.65.37,EN0126-ATN950D-ASG-1
10.237.1.126,NI0043-ATN950D-ASG-1
10.237.73.12,RV0465-ATN950D-ASG-1
10.238.1.93,KD0852-ATN-950D-ASG-1
10.237.35.40,RV0653-ATN910C-ASG-1
10.238.33.152,KT0083-ATN950D-ASG-1
10.238.33.131,KN0751-ATN950d-ASG-1
10.238.65.36,EN0016-ATN950D-ASG-1
10.238.65.19,EN0393-ATN950C-ASG-1
10.237.73.2,RV0692-ATN950D-ASG-1
10.238.33.125,KN0093-ATN950D-ASG-1
10.237.91.1,AB0164-ATN910C-ASG-1
10.237.73.11,RV0114-ATN950D-ASG-1
10.238.33.147,KT0013-ATN950D-ASG-1
10.238.129.251,AN0348-ATN950D-ASG-1
10.237.1.144,NI0130-ATN950C-ASG-1
10.237.91.49,NI0083-ATN950D-ASG-1
10.238.1.94,KD0009-ATN-950C-ASG-1
10.238.33.157,KN0078-ATN950D-ASG-1
10.237.73.18,AK0117-ATN950D-ASG-1
10.237.73.19,AK0013-ATN950D-ASG1
10.238.1.104,KD0455-ATN-950D-ASG-1
10.238.1.92,KD0607-ATN-950D-ASG-1
10.238.33.142,KN0110-ATN950D-ASG-1
10.238.33.124,KN0709-ATN950D-ASG-1
10.238.65.35,EN0036-ATN950D-ASG-1
10.237.73.7,RV0701-ATN950D-ASG-1
10.237.33.232,RV0507-ATN910C-ASG
10.237.73.8,RV0441-ATN950D-ASG-1
10.237.1.7,AB0046-ATN950C-CSG
10.237.73.5,RV0693-ATN950D-ASG-1
10.238.129.253,IM0010-ATN910C-ASG
10.237.35.59,RV0068-ATN950D-ASG-1
10.238.33.143,KN0073-ATN950D-ASG-1
10.237.1.90,AB0362-ATN-950D-ASG-1
10.237.73.15,RV0087-ATN910C-G-ASG-1
10.238.33.130,KT0049-ATN950D-ASG-1
10.237.91.50,NI0138-ATN950D-ASG-1
10.238.33.151,KT0045-ATN950D-ASG-1
10.237.35.39,RVB04-ATN950D-ASG-1
10.238.1.91,KD0785-ATN-950D-ASG-1
10.237.35.37,RV0875-ATN950D-ASG-1
10.237.91.2,AB0759-ATN910C-ASG-1
10.238.65.40,EN0622-ATN950D-ASG-1
10.237.1.91,AB0931-ATN950D-ASG-1
10.238.33.144,KN0096-ATN950D-ASG-1
10.238.129.205,AN0026-ATN-950C-ASG-1
10.238.33.145,KN0025-ATN950D-ASG-1
10.238.65.39,EN0124-ATN950D-ASG-1
